Nitrogen,phosphorus,potassium,temperature,humidity,ph,rainfall,label
129,47,20,24.41212325,80.80343786,6.281913858,98.60457373,cotton
20,68,23,25.54960633,63.95425534,7.707332484,63.1830529,blackgram
91,56,37,23.43191632,80.56887849,6.363472208,269.5039162,rice
26,64,22,25.95058595,40.58227261,5.16516459,109.1821183,pigeonpeas
95,55,42,26.79533926,82.1480873,5.950660556,193.3473987,rice
120,60,15,22.31871914,83.86129998,7.288377241,65.35747011,cotton
74,39,23,22.6265115,65.77472881,6.78073637,88.17251033,maize
48,62,15,25.36586097,66.6379724,7.538631462,65.81655892,blackgram
27,57,24,27.33534897,43.35795962,6.09186275,142.3303677,pigeonpeas
27,64,21,32.84213012,68.68401492,7.543804223,73.67166182,blackgram
25,62,21,26.73433965,68.13999721,7.040056094,67.15096376,blackgram
62,42,36,22.78133816,82.06719137,6.430010215,248.7183228,rice
89,54,38,24.51588066,83.5352163,6.685346424,230.4462359,rice
56,75,15,30.20157245,60.06534859,7.152272256,66.37171179,blackgram
94,54,17,23.39128187,61.74427165,5.871647806,107.3198135,maize
66,60,38,22.08576562,83.47038318,6.372576327,231.7364957,rice
18,58,16,21.47607807,38.80023714,4.962661422,180.382234,pigeonpeas
39,37,15,28.9973145,83.78911515,6.821747052,59.84499208,mungbean
41,62,15,29.38400259,64.14928485,7.358974541,65.24194361,blackgram
5,68,20,18.72987676,61.33186249,5.001038726,139.8710041,pigeonpeas
99,38,21,22.88330922,71.59722446,6.352471866,67.72777298,maize
33,57,17,27.89636126,88.71782287,6.78415271,57.79863368,mungbean
24,44,17,29.8596912,80.03499648,6.666380512,50.66487502,mungbean
92,44,16,18.87751445,65.76816093,6.082973754,94.76189431,maize
83,60,36,25.59704938,80.14509262,6.903985986,200.834898,rice
81,45,23,19.32666088,68.034493,6.192360003,84.22969177,maize
33,37,19,27.92678579,86.5543196,7.183189922,43.4826194,mungbean
36,80,21,33.64769646,48.41490082,7.066087261,100.4673278,pigeonpeas
66,54,21,25.19008683,60.2001687,5.919045532,72.12375573,maize
9,66,21,30.11812084,34.13307843,5.719889876,157.0858232,pigeonpeas
77,52,17,24.86374934,65.7420046,5.714799723,75.82270467,maize
41,62,15,29.38400259,64.14928485,7.358974541,65.24194361,blackgram
5,45,21,28.36291385,88.00989267,6.487124217,43.05130077,mungbean
35,41,18,28.70562673,81.59200689,6.705008504,59.87065439,mungbean
62,52,16,22.27526694,58.84015925,6.967057762,63.87020584,maize
16,70,20,24.80467592,40.1242747,5.6093956,121.5639121,pigeonpeas
18,58,16,21.47607807,38.80023714,4.962661422,180.382234,pigeonpeas
91,35,39,23.79391957,80.41817957,6.970859754,206.2611855,rice
63,43,19,18.51816776,55.53128131,6.641906353,90.988051,maize
6,47,18,29.16174608,80.28038146,6.715276663,40.16545979,mungbean
113,41,20,25.0017188,80.53965818,7.256877571,96.32600992,cotton
98,53,38,20.26707606,81.63895217,5.01450727,270.4417274,rice
126,50,19,24.69457084,81.7358876,6.628722836,78.58494391,cotton
73,58,21,19.97215954,57.68272924,6.596060648,60.65171481,maize
49,68,22,28.56840626,61.53278622,7.127064207,63.49726331,blackgram
61,38,20,18.47891261,62.69503871,5.970458434,65.43835393,maize
95,38,22,19.84939404,61.24500053,5.730617109,100.7689246,maize
67,58,39,25.2827223,80.54372813,5.453592032,220.1156708,rice
72,45,35,25.42977518,82.94682591,5.758506323,195.3574542,rice
80,43,16,23.55882094,71.59351368,6.657964753,66.71995467,maize
13,57,25,28.30041493,86.20681554,6.86308576,50.47333854,mungbean
135,43,16,23.47986888,81.73049149,6.720449769,86.76287924,cotton
63,43,19,18.51816776,55.53128131,6.641906353,90.988051,maize
73,57,41,21.44653958,84.94375962,5.824709117,272.2017204,rice
111,53,19,23.96436009,78.02763149,6.419536555,84.63148859,cotton
99,56,17,24.10859207,73.13112261,6.234330356,71.07562236,maize
59,58,17,28.546224,66.31394098,7.368318809,62.83469851,blackgram
126,46,25,24.43847399,81.69801729,6.757457943,60.79645852,cotton
135,43,16,23.47986888,81.73049149,6.720449769,86.76287924,cotton
78,58,15,25.00933355,67.816568,6.528631266,62.91359494,maize
71,54,16,22.61359953,63.69070564,5.749914421,87.75953857,maize
79,43,39,21.66628296,80.70960551,7.062779015,210.8142087,rice
87,48,25,18.65396672,61.37879671,6.656730008,93.62039175,maize
71,46,40,20.2801937,82.1235421,7.236705436,191.9535738,rice
97,50,41,24.52922681,80.54498576,7.070959995,260.2634026,rice
41,62,15,29.38400259,64.14928485,7.358974541,65.24194361,blackgram
85,58,41,21.77046169,80.31964408,7.038096361,226.6555374,rice
16,71,24,18.33124824,38.40975482,4.946369874,139.6483317,pigeonpeas
36,61,21,34.53823889,39.04468913,5.617008201,168.5948318,pigeonpeas
38,61,21,30.27374995,67.38680755,4.696518678,127.7767134,pigeonpeas
37,73,21,29.50304807,63.46513414,5.560224583,189.5208915,pigeonpeas
94,50,37,25.66585205,80.66385045,6.94801983,209.5869708,rice
104,47,18,23.9656349,76.97696717,7.633437412,90.75616738,cotton
81,41,38,22.67846116,83.72874389,7.524080076,200.9133156,rice
68,57,43,26.08867875,80.37979919,5.706943251,182.9043504,rice
16,77,22,31.48469278,35.6395615,6.574209678,100.546816,pigeonpeas
65,37,40,23.35905428,83.59512273,5.333322606,188.413665,rice
94,53,40,20.27774362,82.89408619,5.718627178,241.9741949,rice
44,77,21,32.63918668,61.3009051,7.326980454,61.83876146,blackgram
50,58,23,27.81326852,62.50460464,7.596802025,69.75555541,blackgram
131,52,16,23.65724079,84.47601498,6.486068274,88.54479121,cotton
60,44,23,24.7947077,70.04556743,5.722579819,76.72860067,maize
42,61,22,26.27274407,62.28814857,7.418650668,70.23207557,blackgram
68,57,43,26.08867875,80.37979919,5.706943251,182.9043504,rice
5,56,24,24.80710166,45.01110015,5.023115055,188.4928637,pigeonpeas
104,47,18,23.9656349,76.97696717,7.633437412,90.75616738,cotton
111,53,19,23.96436009,78.02763149,6.419536555,84.63148859,cotton
97,50,41,24.52922681,80.54498576,7.070959995,260.2634026,rice
111,41,18,23.64328417,78.1258666,6.10539819,80.96157332,cotton
7,60,25,28.2753171,82.76020821,6.397636709,56.04995423,mungbean
13,67,18,30.5753044,34.75591197,5.384762927,177.5764304,pigeonpeas
29,78,25,19.95991719,59.33157782,5.982854523,195.787103,pigeonpeas
66,54,21,25.19008683,60.2001687,5.919045532,72.12375573,maize
60,54,19,18.74826712,62.49878458,6.417820493,70.23401597,maize
118,44,23,22.08458267,82.82904143,6.691690476,67.06459777,cotton
36,43,22,27.82684262,87.16679147,6.389882166,58.37249772,mungbean
23,75,25,31.07508973,47.19847683,7.077170002,91.31256412,pigeonpeas
37,62,17,25.68576704,69.84354028,7.121254928,74.62068748,blackgram
92,60,23,18.66746724,71.516474,5.721667141,69.93293255,maize
88,46,42,22.68319059,83.46358271,6.604993475,194.2651719,rice
27,57,24,27.33534897,43.35795962,6.09186275,142.3303677,pigeonpeas
74,54,38,25.65553461,83.47021081,7.120272972,217.3788583,rice
40,58,15,29.46416042,87.60890009,6.978400282,43.15411472,mungbean
69,46,41,23.64124821,80.28597873,5.012139669,263.1103304,rice
55,78,21,33.39438752,62.93692886,6.602888249,63.57445989,blackgram
1,48,24,29.34594634,85.60472562,6.232836962,59.03629954,mungbean
132,52,19,24.16402322,76.7433897,6.436691764,61.94626051,cotton
21,62,24,33.49077065,62.73317204,6.847382891,65.45328463,blackgram
100,48,17,23.7805123,83.03878838,7.827877818,66.26555904,cotton
44,77,21,32.63918668,61.3009051,7.326980454,61.83876146,blackgram
75,53,18,20.68899915,59.4375337,6.864793607,103.651438,maize
51,56,18,28.12787838,64.2097765,6.706505915,70.86340755,blackgram
69,46,41,23.64124821,80.28597873,5.012139669,263.1103304,rice
55,77,22,31.4345059,62.99303471,7.76061831,64.77651469,blackgram
19,39,17,29.2808618,81.8009244,6.890156495,44.47427436,mungbean
107,43,18,22.426733,81.53480799,6.745104394,65.54475812,cotton
94,54,17,23.39128187,61.74427165,5.871647806,107.3198135,maize
69,37,42,23.05804872,83.37011772,7.073453503,251.0549998,rice
9,35,20,27.41503453,80.98004661,6.91380932,40.53173216,mungbean
60,55,44,23.00445915,82.3207629,7.840207144,263.9642476,rice
27,71,23,23.45379018,46.48714759,7.10959773,150.8712202,pigeonpeas
24,80,19,29.67892453,69.0854554,6.808041722,65.66436565,blackgram
109,36,18,25.40059227,76.53237965,7.524707577,62.5138867,cotton
132,52,19,24.16402322,76.7433897,6.436691764,61.94626051,cotton
28,59,22,30.90607799,52.79913039,7.05181629,170.9919828,pigeonpeas
100,48,17,23.7805123,83.03878838,7.827877818,66.26555904,cotton
75,56,18,19.39851734,62.35750641,5.696205468,60.95197486,maize
60,55,44,23.00445915,82.3207629,7.840207144,263.9642476,rice
17,52,17,27.88352946,86.45147631,6.364967184,44.64407105,mungbean
34,35,21,28.44524991,82.67639542,6.684381357,58.18713162,mungbean
73,58,21,19.97215954,57.68272924,6.596060648,60.65171481,maize
111,40,25,24.484692,84.44932014,6.187455799,90.94342484,cotton
87,48,25,18.65396672,61.37879671,6.656730008,93.62039175,maize
86,36,24,26.54986394,72.89187265,5.787268394,73.33636055,maize
127,53,24,22.21506982,76.17851932,6.127939628,70.40557612,cotton
30,37,25,29.89129144,80.14487166,7.120032489,54.7960127,mungbean
13,47,20,29.21780035,87.93724219,6.54450214,43.1386631,mungbean
7,77,18,20.5591255,60.54880693,6.655918078,191.0895109,pigeonpeas
34,75,24,23.50222822,51.29019509,4.760038039,192.3023991,pigeonpeas
35,72,21,34.03619494,64.28791388,7.741418772,66.85510868,blackgram
120,60,15,22.31871914,83.86129998,7.288377241,65.35747011,cotton
4,59,25,27.68515114,81.94268594,6.227134139,54.62243308,mungbean
99,56,17,24.10859207,73.13112261,6.234330356,71.07562236,maize
23,39,22,29.25649321,81.97952224,6.86483915,42.02483277,mungbean
6,37,17,28.08657178,80.35005927,6.760694228,38.14476781,mungbean
5,55,18,33.50876355,45.70976142,7.322097972,126.6738117,pigeonpeas
36,43,21,28.36319404,84.8593608,7.140437859,52.93031105,mungbean
1,59,23,27.46852989,87.17649,7.184398832,43.78420984,mungbean
28,59,22,30.90607799,52.79913039,7.05181629,170.9919828,pigeonpeas
37,73,21,29.50304807,63.46513414,5.560224583,189.5208915,pigeonpeas
122,59,18,23.5000992,83.63488952,6.219469084,79.81328183,cotton
88,38,15,25.08239719,65.92195844,6.455116637,62.49190812,maize
17,52,17,27.88352946,86.45147631,6.364967184,44.64407105,mungbean
99,38,21,22.88330922,71.59722446,6.352471866,67.72777298,maize
41,62,15,29.38400259,64.14928485,7.358974541,65.24194361,blackgram
30,60,21,28.87667593,62.4901206,5.457871273,182.2688175,pigeonpeas
77,36,23,24.71417533,56.73426469,6.648725327,88.45361858,maize
86,36,24,26.54986394,72.89187265,5.787268394,73.33636055,maize
111,41,18,23.64328417,78.1258666,6.10539819,80.96157332,cotton
76,39,24,24.2547451,55.64709899,6.995843776,64.23845455,maize
131,60,17,25.32023717,81.79475917,7.425041316,83.46532547,cotton
44,75,22,30.0328403,64.14800537,7.574561547,71.21006868,blackgram
119,44,15,22.14593688,82.8597549,7.091992365,60.65381719,cotton
73,58,21,19.97215954,57.68272924,6.596060648,60.65171481,maize
75,53,18,20.68899915,59.4375337,6.864793607,103.651438,maize
40,63,18,30.41588462,67.66323804,6.74441168,63.02473185,blackgram
89,54,38,24.51588066,83.5352163,6.685346424,230.4462359,rice
29,70,15,30.33499674,63.54718862,6.872594461,74.16699119,blackgram
21,63,22,25.09737391,67.72837887,6.859409487,74.61649888,blackgram
94,50,37,25.66585205,80.66385045,6.94801983,209.5869708,rice
19,55,20,27.43329405,87.80507732,7.18530147,54.73367631,mungbean
51,56,18,28.12787838,64.2097765,6.706505915,70.86340755,blackgram
61,38,20,18.47891261,62.69503871,5.970458434,65.43835393,maize
71,60,22,26.07470121,59.37147589,6.2048017,85.75692395,maize
78,35,44,26.54348085,84.67353597,7.072655622,183.6222657,rice
26,73,21,31.33170829,57.97429171,4.946263888,161.7820226,pigeonpeas
75,38,39,23.44676801,84.79352417,6.215109715,283.9338466,rice
131,35,18,24.49112609,82.24415809,7.057693366,64.02949379,cotton
97,59,43,26.35927159,84.04403589,6.286500176,271.3586137,rice
31,48,17,28.88078945,86.94206817,6.594739424,53.79732545,mungbean
19,55,20,27.43329405,87.80507732,7.18530147,54.73367631,mungbean
44,76,22,27.26458947,68.01232937,7.775306272,68.91754359,blackgram
99,38,21,22.88330922,71.59722446,6.352471866,67.72777298,maize
133,47,23,24.88738107,75.62137159,6.827354668,89.76050416,cotton
75,49,15,21.53574127,71.50905983,5.918263801,102.4852929,maize
42,58,25,27.45853567,62.90020977,6.513620918,69.46020927,blackgram
8,59,18,29.50523036,35.72032498,6.216814453,187.8961851,pigeonpeas
21,72,17,31.52104732,66.55723677,7.580527339,61.71111448,blackgram
20,72,15,36.00415838,56.01334416,7.313517308,134.8596466,pigeonpeas
8,59,18,29.50523036,35.72032498,6.216814453,187.8961851,pigeonpeas
33,77,21,30.32992227,65.62971858,7.01285529,71.64631281,blackgram
6,47,18,29.16174608,80.28038146,6.715276663,40.16545979,mungbean
98,47,37,23.48381344,81.33265073,7.375482851,224.0581164,rice
58,71,15,27.82592799,67.5861883,6.919243702,74.01229707,blackgram
30,75,25,30.33276599,42.35249879,6.446091759,149.299952,pigeonpeas
99,55,35,21.7238313,80.2389895,6.501697816,277.9626192,rice
82,43,38,23.28617173,81.43321641,5.105588355,242.3170629,rice
50,64,25,28.84079155,63.37230676,6.734447425,70.25496749,blackgram
42,61,22,26.27274407,62.28814857,7.418650668,70.23207557,blackgram
77,58,19,22.8056033,56.50768935,5.791649933,101.5952794,maize
29,76,15,28.5417236,64.2020154,7.025607706,69.68862306,blackgram
52,58,16,30.64095781,61.14508627,7.167435834,71.36947525,blackgram
33,37,19,27.92678579,86.5543196,7.183189922,43.4826194,mungbean
55,60,15,32.79766751,68.77994074,7.163043872,64.11411069,blackgram
38,62,25,32.7477393,67.77954584,7.453975408,63.37784443,blackgram
73,45,21,24.60532218,73.58868502,6.636803223,96.59195302,maize
22,54,20,28.56149805,83.63802195,6.689825155,41.013132,mungbean
36,43,22,27.82684262,87.16679147,6.389882166,58.37249772,mungbean
25,40,21,27.73329078,81.13903037,6.248900919,44.17580911,mungbean
100,52,19,23.45969093,82.44777468,7.903528673,93.50153555,cotton
133,50,25,25.72180042,81.19666206,7.569454601,99.93100821,cotton
9,35,20,27.41503453,80.98004661,6.91380932,40.53173216,mungbean
21,74,15,29.49096726,67.10604388,6.471862118,153.2504506,pigeonpeas
37,79,19,27.54384835,69.3478631,7.143942758,69.40878198,blackgram
44,55,25,29.6321052,65.91359954,7.42160832,71.16331975,blackgram
98,35,18,23.79746068,74.82913698,6.252797548,91.76337172,maize
34,35,21,28.44524991,82.67639542,6.684381357,58.18713162,mungbean
74,39,23,22.6265115,65.77472881,6.78073637,88.17251033,maize
21,51,15,29.36488409,89.1886954,6.679127482,48.30159325,mungbean
18,55,23,21.9989826,56.31006755,6.98571967,136.8274312,pigeonpeas
131,38,19,23.86814008,75.68339729,6.814341946,90.4547185,cotton
32,66,17,34.9466155,65.26774011,7.162357641,70.1415139,blackgram
107,42,24,22.04612876,84.62978302,6.144631795,86.00758678,cotton
58,79,17,27.24766491,66.10123083,7.04174124,62.31842057,blackgram
65,60,22,25.36768364,72.52054555,6.606984086,107.9124111,maize
40,62,19,27.32198928,34.13737127,4.697750704,96.51524028,pigeonpeas
17,52,17,27.88352946,86.45147631,6.364967184,44.64407105,mungbean
60,51,36,22.69657794,82.81088865,6.028321558,256.9964761,rice
96,46,22,20.58314011,69.00128641,6.499936446,66.29390357,maize
20,40,15,29.57329479,88.07505524,7.199495368,45.04467075,mungbean
74,58,18,20.03728219,56.35606753,6.727303282,109.024141,maize
90,42,43,20.87974371,82.00274423,6.502985292,202.9355362,rice
133,47,23,24.88738107,75.62137159,6.827354668,89.76050416,cotton
22,56,17,29.87888063,87.32761241,6.89077995,44.75215854,mungbean
27,60,17,26.41768321,63.64698302,7.026795359,64.42177127,blackgram
71,60,22,26.07470121,59.37147589,6.2048017,85.75692395,maize
44,63,15,26.42333018,64.51136845,7.338929556,63.46546487,blackgram
13,73,20,30.50420876,35.48885969,5.391560418,162.5927723,pigeonpeas
123,44,21,25.78544484,75.00539324,7.641116569,91.39578861,cotton
33,75,21,33.04687968,68.93875631,6.690655045,62.30278274,blackgram
87,48,25,18.65396672,61.37879671,6.656730008,93.62039175,maize
24,70,21,19.14729038,45.3733757,5.517208078,132.7748215,pigeonpeas
93,56,42,23.85724032,82.22572988,7.382762603,195.0948311,rice
40,68,17,34.1262979,65.14877461,7.733149554,70.40795007,blackgram
75,38,39,23.44676801,84.79352417,6.215109715,283.9338466,rice
20,72,15,36.00415838,56.01334416,7.313517308,134.8596466,pigeonpeas
19,53,22,27.8640132,80.4513142,6.852884643,42.83053902,mungbean
39,60,21,34.89814946,63.59948557,6.97297656,64.72797143,blackgram
74,35,40,26.49109635,80.15836264,6.980400905,242.8640342,rice
74,35,40,26.49109635,80.15836264,6.980400905,242.8640342,rice
10,59,15,29.83040388,89.30428305,6.32400451,58.86687093,mungbean
74,58,18,20.03728219,56.35606753,6.727303282,109.024141,maize
98,44,21,25.77175115,74.089114,6.524478032,107.4931917,maize
91,56,37,23.43191632,80.56887849,6.363472208,269.5039162,rice
41,62,15,29.38400259,64.14928485,7.358974541,65.24194361,blackgram
121,45,22,22.45942937,81.30681027,6.443785385,64.23026638,cotton
90,52,25,25.97482359,69.36385721,6.822586546,103.2234212,maize
16,77,22,31.48469278,35.6395615,6.574209678,100.546816,pigeonpeas
60,57,24,18.66116213,61.55327249,6.121294041,75.03247667,maize
100,48,17,23.7805123,83.03878838,7.827877818,66.26555904,cotton
13,67,18,30.5753044,34.75591197,5.384762927,177.5764304,pigeonpeas
94,54,17,23.39128187,61.74427165,5.871647806,107.3198135,maize
106,46,20,23.43821725,78.63388824,6.200671976,81.15072105,cotton
23,39,22,29.25649321,81.97952224,6.86483915,42.02483277,mungbean
14,37,15,27.96235681,83.97586797,6.581351374,48.9366954,mungbean
36,43,21,28.36319404,84.8593608,7.140437859,52.93031105,mungbean
33,73,23,29.23540524,59.38967583,5.985792703,103.3301803,pigeonpeas
5,62,23,27.9348279,66.45457122,4.722222454,145.3728801,pigeonpeas
44,55,25,29.6321052,65.91359954,7.42160832,71.16331975,blackgram
9,76,25,28.88302142,50.12323801,5.70951224,179.2155874,pigeonpeas
18,55,23,21.9989826,56.31006755,6.98571967,136.8274312,pigeonpeas
34,35,21,28.44524991,82.67639542,6.684381357,58.18713162,mungbean
36,38,15,28.36363858,87.59810657,6.320662012,57.99524359,mungbean
41,62,15,29.38400259,64.14928485,7.358974541,65.24194361,blackgram
76,51,18,26.16985907,71.96246617,6.247040422,79.84925393,maize
60,55,44,23.00445915,82.3207629,7.840207144,263.9642476,rice
81,53,42,23.67575393,81.03569343,5.17782304,233.7034975,rice
73,45,21,24.60532218,73.58868502,6.636803223,96.59195302,maize
20,72,15,36.00415838,56.01334416,7.313517308,134.8596466,pigeonpeas
91,35,38,24.8972823,80.52586088,6.13428721,183.6793207,rice
120,60,15,22.31871914,83.86129998,7.288377241,65.35747011,cotton
30,64,20,33.8642935,61.57072498,6.573531614,68.02199825,blackgram
86,59,35,25.78720567,82.11124033,6.946636369,243.5120414,rice
49,76,18,27.05365239,67.7017527,7.393631868,60.4693835,blackgram
24,44,17,29.8596912,80.03499648,6.666380512,50.66487502,mungbean
100,48,17,23.7805123,83.03878838,7.827877818,66.26555904,cotton
28,35,22,29.53037621,86.73346018,7.156563094,59.87232071,mungbean
35,64,15,28.47442276,63.53604453,6.500144962,69.5274407,blackgram
21,38,21,29.75538903,86.45193297,6.637677489,37.54602719,mungbean
129,43,16,25.5503704,77.85055621,6.73210948,78.58488484,cotton
30,75,25,30.33276599,42.35249879,6.446091759,149.299952,pigeonpeas
132,41,22,24.29144926,81.02453404,7.810865753,90.41694635,cotton
10,79,18,21.0643684,55.46985938,5.624731338,184.6226709,pigeonpeas
107,51,22,24.86560781,78.22080815,5.983075895,79.56866268,cotton
65,37,40,23.35905428,83.59512273,5.333322606,188.413665,rice
10,59,15,29.83040388,89.30428305,6.32400451,58.86687093,mungbean
38,61,21,30.27374995,67.38680755,4.696518678,127.7767134,pigeonpeas
130,59,19,25.07278712,82.50257909,6.520403794,93.51042684,cotton
41,74,18,28.75751783,61.02701476,6.599147298,73.37686831,blackgram
126,38,23,25.36243778,83.63276077,6.176716425,88.43618918,cotton
26,67,16,29.10713092,67.90577375,7.17620823,67.83345933,blackgram
41,62,15,29.38400259,64.14928485,7.358974541,65.24194361,blackgram
71,60,22,26.07470121,59.37147589,6.2048017,85.75692395,maize
133,47,23,24.88738107,75.62137159,6.827354668,89.76050416,cotton
32,56,21,27.38538997,88.66663953,6.702772465,58.29933073,mungbean
25,62,21,26.73433965,68.13999721,7.040056094,67.15096376,blackgram
48,62,15,25.36586097,66.6379724,7.538631462,65.81655892,blackgram
99,55,35,21.7238313,80.2389895,6.501697816,277.9626192,rice
74,35,40,26.49109635,80.15836264,6.980400905,242.8640342,rice
25,62,21,26.73433965,68.13999721,7.040056094,67.15096376,blackgram
75,49,15,21.53574127,71.50905983,5.918263801,102.4852929,maize
67,59,41,21.94766735,80.97384195,6.012632591,213.3560921,rice
10,71,18,19.54284889,66.34777265,6.151029296,173.1106982,pigeonpeas
100,48,17,23.7805123,83.03878838,7.827877818,66.26555904,cotton
86,36,24,26.54986394,72.89187265,5.787268394,73.33636055,maize
7,77,18,20.5591255,60.54880693,6.655918078,191.0895109,pigeonpeas
36,43,21,28.36319404,84.8593608,7.140437859,52.93031105,mungbean
100,48,17,23.7805123,83.03878838,7.827877818,66.26555904,cotton
19,55,20,27.43329405,87.80507732,7.18530147,54.73367631,mungbean
130,59,19,25.07278712,82.50257909,6.520403794,93.51042684,cotton
36,55,20,27.01470397,84.34262707,6.635968698,55.296354,mungbean
120,60,15,22.31871914,83.86129998,7.288377241,65.35747011,cotton
31,56,23,31.46846241,35.39454002,5.661826398,174.5723999,pigeonpeas
22,62,16,34.6455408,54.32342534,4.828936119,180.9009998,pigeonpeas
100,48,17,23.7805123,83.03878838,7.827877818,66.26555904,cotton
9,66,21,30.11812084,34.13307843,5.719889876,157.0858232,pigeonpeas
31,58,15,27.11026483,84.96771717,7.121571293,51.52617423,mungbean
77,58,19,22.8056033,56.50768935,5.791649933,101.5952794,maize
28,68,19,34.63880966,61.38597868,7.69950698,72.43169115,blackgram
75,53,18,20.68899915,59.4375337,6.864793607,103.651438,maize
4,69,19,19.25100056,47.70351758,5.374358869,149.063196,pigeonpeas
68,57,43,26.08867875,80.37979919,5.706943251,182.9043504,rice
78,35,44,26.54348085,84.67353597,7.072655622,183.6222657,rice
87,48,25,18.65396672,61.37879671,6.656730008,93.62039175,maize
110,39,25,22.60612115,77.34264002,7.208795456,75.13617229,cotton
38,61,21,30.27374995,67.38680755,4.696518678,127.7767134,pigeonpeas
17,58,20,28.06642822,85.91625451,6.42937879,39.23831035,mungbean
61,44,17,26.10018422,71.57476937,6.931756558,102.2662445,maize
101,37,18,22.92360984,82.68738535,7.63737841,92.91915074,cotton
99,41,36,24.45802087,82.74835604,6.738652179,182.5616319,rice
112,49,25,25.68959532,77.90621048,6.470135478,66.19426787,cotton
76,57,18,18.9802729,74.52600826,6.092725883,94.26249353,maize
21,72,17,31.52104732,66.55723677,7.580527339,61.71111448,blackgram
34,35,21,28.44524991,82.67639542,6.684381357,58.18713162,mungbean
21,51,15,29.36488409,89.1886954,6.679127482,48.30159325,mungbean
1,76,17,28.43430726,52.10010827,6.012719118,147.0414824,pigeonpeas
31,58,15,27.11026483,84.96771717,7.121571293,51.52617423,mungbean
27,72,17,28.98039357,57.23265151,6.347929353,120.7435664,pigeonpeas
129,60,22,24.58453146,79.12404171,5.947448589,71.94608134,cotton
71,52,18,25.10787449,55.97732754,5.790770203,78.16077693,maize
84,44,21,21.869274,61.91044947,5.850439831,107.2681929,maize
89,60,17,25.37548751,57.21025565,5.983952675,101.7004306,maize
67,59,41,21.94766735,80.97384195,6.012632591,213.3560921,rice
98,35,18,23.79746068,74.82913698,6.252797548,91.76337172,maize
33,73,23,29.23540524,59.38967583,5.985792703,103.3301803,pigeonpeas
99,54,37,21.14347496,80.33502926,5.594819626,198.6730942,rice
75,56,18,19.39851734,62.35750641,5.696205468,60.95197486,maize
95,55,42,26.79533926,82.1480873,5.950660556,193.3473987,rice
36,43,21,28.36319404,84.8593608,7.140437859,52.93031105,mungbean
74,39,38,23.24113501,84.59201843,7.782051313,233.0453455,rice
11,72,22,29.37735586,44.82294584,6.842744374,172.40168,pigeonpeas
79,51,16,25.33797709,68.49835977,6.586244581,96.46380213,maize
65,37,40,23.35905428,83.59512273,5.333322606,188.413665,rice
40,68,17,34.1262979,65.14877461,7.733149554,70.40795007,blackgram
126,38,23,25.36243778,83.63276077,6.176716425,88.43618918,cotton
107,36,21,25.29250148,75.66653335,6.205263534,62.64174227,cotton
88,54,44,25.7354293,83.88266234,6.149410611,233.1321372,rice
44,58,18,28.03644051,65.06601664,6.814410928,72.49507741,blackgram
23,45,23,28.77653519,86.69133979,6.983130466,56.12443206,mungbean
34,35,21,28.44524991,82.67639542,6.684381357,58.18713162,mungbean
10,79,18,21.0643684,55.46985938,5.624731338,184.6226709,pigeonpeas
100,48,17,23.7805123,83.03878838,7.827877818,66.26555904,cotton
117,56,15,25.99237426,77.0543546,7.368258226,89.1188212,cotton
20,72,15,36.00415838,56.01334416,7.313517308,134.8596466,pigeonpeas
33,58,24,35.45790488,68.75810535,5.269504214,108.6333046,pigeonpeas
17,67,18,31.2192752,56.46868874,5.611510977,129.2028653,pigeonpeas
114,40,23,25.53676123,81.13668716,6.753978061,95.4262599,cotton
90,49,21,24.84016732,68.3584573,6.472523287,74.05474936,maize
24,80,19,29.67892453,69.0854554,6.808041722,65.66436565,blackgram
98,35,18,23.79746068,74.82913698,6.252797548,91.76337172,maize
44,75,22,30.0328403,64.14800537,7.574561547,71.21006868,blackgram
113,38,20,22.10718988,78.58320116,6.364729934,74.94136567,cotton
36,80,21,33.64769646,48.41490082,7.066087261,100.4673278,pigeonpeas
51,56,18,28.12787838,64.2097765,6.706505915,70.86340755,blackgram
13,57,25,28.30041493,86.20681554,6.86308576,50.47333854,mungbean
48,61,21,30.28496619,61.69295127,6.628264883,65.62859526,blackgram
91,50,40,20.82477109,84.1341879,6.462391607,230.2242223,rice
33,37,19,27.92678579,86.5543196,7.183189922,43.4826194,mungbean
94,50,37,25.66585205,80.66385045,6.94801983,209.5869708,rice
37,79,19,27.54384835,69.3478631,7.143942758,69.40878198,blackgram
20,41,20,29.27308605,89.4875022,7.073048264,50.9246554,mungbean
68,40,19,26.14384005,66.20569924,6.655426355,107.2361366,maize
52,71,16,27.74274761,68.53997144,7.075886472,71.78615328,blackgram
74,58,18,20.03728219,56.35606753,6.727303282,109.024141,maize
5,77,19,31.08564994,66.68832981,6.242052013,175.9303271,pigeonpeas
102,49,21,24.69315538,84.84422454,6.253343655,89.799462,cotton
61,60,15,24.87502824,68.74248334,6.265564338,91.26056654,maize
20,77,23,34.87248659,38.83786012,5.180271502,148.2502786,pigeonpeas
25,48,21,28.438097,83.48991368,6.267684328,52.55469976,mungbean
14,75,24,24.54757829,57.3414485,6.436160044,118.3606557,pigeonpeas
20,60,22,29.65052947,42.89833235,6.876572503,186.9226052,pigeonpeas
111,39,22,22.60361557,80.3509046,6.135025006,88.57395505,cotton
99,41,36,24.45802087,82.74835604,6.738652179,182.5616319,rice
113,37,20,25.03300222,79.04368718,7.393441155,97.10087029,cotton
14,75,24,24.54757829,57.3414485,6.436160044,118.3606557,pigeonpeas
60,49,44,20.77576147,84.49774397,6.244841491,240.0810647,rice
74,43,23,25.95263264,61.89082199,6.325235159,99.57981207,maize
75,53,18,20.68899915,59.4375337,6.864793607,103.651438,maize
25,59,19,29.06631494,83.6869203,6.626629798,43.95183726,mungbean
31,58,15,27.11026483,84.96771717,7.121571293,51.52617423,mungbean
30,60,21,28.87667593,62.4901206,5.457871273,182.2688175,pigeonpeas
13,73,20,30.50420876,35.48885969,5.391560418,162.5927723,pigeonpeas
28,35,22,29.53037621,86.73346018,7.156563094,59.87232071,mungbean
76,39,24,24.2547451,55.64709899,6.995843776,64.23845455,maize
9,66,21,30.11812084,34.13307843,5.719889876,157.0858232,pigeonpeas
8,54,20,28.3340432,80.77275974,7.034214276,38.7976407,mungbean
60,57,24,18.66116213,61.55327249,6.121294041,75.03247667,maize
13,47,20,29.21780035,87.93724219,6.54450214,43.1386631,mungbean
4,69,19,19.25100056,47.70351758,5.374358869,149.063196,pigeonpeas
30,75,25,30.33276599,42.35249879,6.446091759,149.299952,pigeonpeas
85,37,39,24.52783742,82.73685569,6.364134968,224.6757231,rice
66,60,38,22.08576562,83.47038318,6.372576327,231.7364957,rice
125,60,17,24.14386157,84.51591287,6.785723961,80.36146974,cotton
6,48,24,28.6362812,84.61431076,6.790736339,48.48319335,mungbean
27,57,24,27.33534897,43.35795962,6.09186275,142.3303677,pigeonpeas
78,35,44,26.54348085,84.67353597,7.072655622,183.6222657,rice
24,44,17,29.8596912,80.03499648,6.666380512,50.66487502,mungbean
25,76,17,31.74105409,68.63525428,7.241148507,62.3061735,blackgram
34,35,21,28.44524991,82.67639542,6.684381357,58.18713162,mungbean
99,54,37,21.14347496,80.33502926,5.594819626,198.6730942,rice
17,67,18,31.2192752,56.46868874,5.611510977,129.2028653,pigeonpeas
67,43,39,26.04371967,84.96907151,5.999969026,186.7536773,rice
74,48,17,21.63162756,60.27766379,6.430616465,69.21803098,maize
76,44,17,20.41683147,62.5542482,5.855442401,65.27798457,maize
27,57,24,27.33534897,43.35795962,6.09186275,142.3303677,pigeonpeas
76,44,17,20.41683147,62.5542482,5.855442401,65.27798457,maize
79,59,17,20.37999665,63.73849998,6.644205485,108.5054416,maize
77,36,23,24.71417533,56.73426469,6.648725327,88.45361858,maize
55,66,22,30.91219459,68.79427388,7.747775263,66.63830637,blackgram
65,37,40,23.35905428,83.59512273,5.333322606,188.413665,rice
2,67,18,34.51934775,47.52980027,5.921666758,129.0064612,pigeonpeas
129,47,20,24.41212325,80.80343786,6.281913858,98.60457373,cotton
56,79,15,29.48439992,63.19915325,7.454532137,71.89090748,blackgram
6,48,24,28.6362812,84.61431076,6.790736339,48.48319335,mungbean
44,63,15,26.42333018,64.51136845,7.338929556,63.46546487,blackgram
8,54,20,28.3340432,80.77275974,7.034214276,38.7976407,mungbean
29,63,17,30.02629908,67.88811637,7.26154329,66.47264636,blackgram
10,37,22,28.7275267,89.12760359,7.069747814,58.52974279,mungbean
35,48,15,27.10818093,87.4512669,6.981758362,55.03723979,mungbean
69,37,42,23.05804872,83.37011772,7.073453503,251.0549998,rice
25,48,21,28.438097,83.48991368,6.267684328,52.55469976,mungbean
8,50,21,28.62911222,89.1148059,6.218923893,50.49913241,mungbean
11,72,22,29.37735586,44.82294584,6.842744374,172.40168,pigeonpeas
102,53,21,23.03814028,76.11021529,6.913678684,91.49697481,cotton
133,47,24,24.40228894,79.19732001,7.231324765,90.8022356,cotton
66,54,21,25.19008683,60.2001687,5.919045532,72.12375573,maize
76,44,17,20.41683147,62.5542482,5.855442401,65.27798457,maize
28,65,23,28.38686534,61.88871127,7.405176138,74.24459122,blackgram
117,43,25,24.68854799,78.51206972,7.839849298,69.31153566,cotton
81,45,23,19.32666088,68.034493,6.192360003,84.22969177,maize
30,75,25,30.33276599,42.35249879,6.446091759,149.299952,pigeonpeas
86,36,24,26.54986394,72.89187265,5.787268394,73.33636055,maize
80,43,16,23.55882094,71.59351368,6.657964753,66.71995467,maize
66,54,21,25.19008683,60.2001687,5.919045532,72.12375573,maize
29,76,15,28.5417236,64.2020154,7.025607706,69.68862306,blackgram
1,66,23,19.54317155,56.92831399,4.803564468,173.1686574,pigeonpeas
20,40,15,29.57329479,88.07505524,7.199495368,45.04467075,mungbean
71,60,22,26.07470121,59.37147589,6.2048017,85.75692395,maize
125,60,17,24.14386157,84.51591287,6.785723961,80.36146974,cotton
127,53,24,22.21506982,76.17851932,6.127939628,70.40557612,cotton
34,35,21,28.44524991,82.67639542,6.684381357,58.18713162,mungbean
39,73,24,25.65842532,61.18235808,7.22405917,69.28607828,blackgram
129,47,20,24.41212325,80.80343786,6.281913858,98.60457373,cotton
66,53,19,23.09348056,60.1159381,6.033550195,65.49730729,maize
34,35,21,28.44524991,82.67639542,6.684381357,58.18713162,mungbean
4,69,19,19.25100056,47.70351758,5.374358869,149.063196,pigeonpeas
74,39,38,23.24113501,84.59201843,7.782051313,233.0453455,rice
67,45,38,22.72791041,82.1706881,7.300410836,260.8875056,rice
38,55,19,33.18184225,38.23184742,5.864623352,198.8298806,pigeonpeas
69,46,41,23.64124821,80.28597873,5.012139669,263.1103304,rice
21,72,17,31.52104732,66.55723677,7.580527339,61.71111448,blackgram
19,57,23,23.6734328,47.2879691,7.342409555,141.1250722,pigeonpeas
37,73,21,29.50304807,63.46513414,5.560224583,189.5208915,pigeonpeas
33,58,24,35.45790488,68.75810535,5.269504214,108.6333046,pigeonpeas
60,54,19,18.74826712,62.49878458,6.417820493,70.23401597,maize
76,48,18,19.29563411,69.63481219,5.77597783,83.21030571,maize
5,77,19,31.08564994,66.68832981,6.242052013,175.9303271,pigeonpeas
58,71,15,27.82592799,67.5861883,6.919243702,74.01229707,blackgram
16,55,19,19.54314136,47.19188279,6.413543781,192.4372194,pigeonpeas
67,51,24,23.50297882,61.32026065,5.584171461,64.77791424,maize
38,62,25,32.7477393,67.77954584,7.453975408,63.37784443,blackgram
94,50,37,25.66585205,80.66385045,6.94801983,209.5869708,rice
81,53,42,23.67575393,81.03569343,5.17782304,233.7034975,rice
5,68,20,18.72987676,61.33186249,5.001038726,139.8710041,pigeonpeas
64,45,43,25.62980105,83.52842314,5.534878156,209.9001977,rice
35,80,25,28.09269012,44.93322042,4.895927306,197.1144011,pigeonpeas
126,37,21,25.84997269,84.16855231,6.61448588,77.03421249,cotton
4,36,22,27.60887393,86.13316408,7.012740397,43.80041104,mungbean
116,52,19,22.94276687,75.37170612,6.114525877,67.08022574,cotton
131,35,18,24.49112609,82.24415809,7.057693366,64.02949379,cotton
22,56,17,29.87888063,87.32761241,6.89077995,44.75215854,mungbean
14,75,24,24.54757829,57.3414485,6.436160044,118.3606557,pigeonpeas
26,73,21,31.33170829,57.97429171,4.946263888,161.7820226,pigeonpeas
120,48,16,22.46054478,75.40989245,7.456971816,71.85436078,cotton
108,46,17,24.3017998,84.87668973,6.93221485,65.0247867,cotton
96,46,22,20.58314011,69.00128641,6.499936446,66.29390357,maize
85,58,41,21.77046169,80.31964408,7.038096361,226.6555374,rice
31,56,23,31.46846241,35.39454002,5.661826398,174.5723999,pigeonpeas
5,56,24,24.80710166,45.01110015,5.023115055,188.4928637,pigeonpeas
81,45,35,26.52872817,80.12267476,6.158376967,218.9163567,rice
89,60,19,25.19192419,66.6902901,5.913664501,78.06639649,maize
22,56,17,29.87888063,87.32761241,6.89077995,44.75215854,mungbean
16,71,24,18.33124824,38.40975482,4.946369874,139.6483317,pigeonpeas
130,59,19,25.07278712,82.50257909,6.520403794,93.51042684,cotton
100,52,19,23.45969093,82.44777468,7.903528673,93.50153555,cotton
123,50,16,23.04920461,75.53835214,6.498052108,70.65644296,cotton
94,53,40,20.27774362,82.89408619,5.718627178,241.9741949,rice
14,74,19,18.39759147,36.82639309,6.624966131,93.12330644,pigeonpeas
4,40,21,28.79728147,80.45744422,6.725551062,44.30070517,mungbean
95,52,36,26.22916897,83.83625819,5.543360238,286.5083725,rice
86,55,21,21.54156232,59.64024162,6.803931519,109.7515385,maize
122,40,17,24.96440768,81.31677618,6.854558957,80.03995829,cotton
99,36,20,20.57981887,65.34583901,6.671085817,78.34604471,maize
75,56,18,19.39851734,62.35750641,5.696205468,60.95197486,maize
84,51,35,22.30157427,80.64416466,6.043304899,197.9791215,rice
105,60,23,23.53371386,77.21705554,6.207652157,87.54004943,cotton
68,41,16,21.77689322,57.80840636,6.158830619,102.0861694,maize
83,41,43,21.0525355,82.67839517,6.254028451,233.1075816,rice
51,56,18,28.12787838,64.2097765,6.706505915,70.86340755,blackgram
73,58,21,19.97215954,57.68272924,6.596060648,60.65171481,maize
100,48,17,23.7805123,83.03878838,7.827877818,66.26555904,cotton
65,37,40,23.35905428,83.59512273,5.333322606,188.413665,rice
13,75,20,30.55992394,35.29006485,6.979540061,178.8998611,pigeonpeas
50,55,16,28.81460716,65.33538112,7.581442888,62.26242533,blackgram
94,50,19,23.30355338,73.62548442,5.873242491,97.59081274,maize
51,56,18,28.12787838,64.2097765,6.706505915,70.86340755,blackgram
38,55,19,33.18184225,38.23184742,5.864623352,198.8298806,pigeonpeas
108,46,17,24.3017998,84.87668973,6.93221485,65.0247867,cotton
76,49,42,24.958779,84.47963372,5.206373153,196.9560008,rice
35,58,20,29.38538562,63.47742011,5.761702519,90.05422663,pigeonpeas
111,41,18,23.64328417,78.1258666,6.10539819,80.96157332,cotton
27,61,18,33.30711818,67.07780816,5.266227032,108.5090168,pigeonpeas
95,39,36,23.86330467,83.15250801,5.561398642,285.2493645,rice
113,41,20,25.0017188,80.53965818,7.256877571,96.32600992,cotton
114,40,23,25.53676123,81.13668716,6.753978061,95.4262599,cotton
29,78,25,19.95991719,59.33157782,5.982854523,195.787103,pigeonpeas
114,40,17,24.32630461,80.13456404,6.363406102,69.45072055,cotton
67,43,39,26.04371967,84.96907151,5.999969026,186.7536773,rice
36,80,21,33.64769646,48.41490082,7.066087261,100.4673278,pigeonpeas
22,55,20,33.95309131,69.96100028,7.423530351,61.16350463,blackgram
94,39,18,23.89114571,57.48775781,5.893093135,102.8301942,maize
94,39,18,23.89114571,57.48775781,5.893093135,102.8301942,maize
34,59,23,28.56212158,83.24855855,6.935804256,56.48265193,mungbean
23,70,15,34.6008247,63.11296779,7.403623355,60.41790253,blackgram
78,58,15,25.00933355,67.816568,6.528631266,62.91359494,maize
44,75,22,30.0328403,64.14800537,7.574561547,71.21006868,blackgram
59,58,17,28.546224,66.31394098,7.368318809,62.83469851,blackgram
119,44,15,22.14593688,82.8597549,7.091992365,60.65381719,cotton
32,66,17,34.9466155,65.26774011,7.162357641,70.1415139,blackgram
7,74,17,22.47253208,62.56532471,5.667419697,96.74706956,pigeonpeas
42,61,22,26.27274407,62.28814857,7.418650668,70.23207557,blackgram
4,59,25,27.68515114,81.94268594,6.227134139,54.62243308,mungbean
135,43,16,23.47986888,81.73049149,6.720449769,86.76287924,cotton
116,52,19,22.94276687,75.37170612,6.114525877,67.08022574,cotton
5,62,23,27.9348279,66.45457122,4.722222454,145.3728801,pigeonpeas
18,58,16,21.47607807,38.80023714,4.962661422,180.382234,pigeonpeas
58,73,16,33.36984395,65.67718163,6.874142175,64.89517488,blackgram
87,60,23,20.27317074,63.91281869,6.439071996,62.50351892,maize
129,47,20,24.41212325,80.80343786,6.281913858,98.60457373,cotton
80,43,16,23.55882094,71.59351368,6.657964753,66.71995467,maize
82,43,38,23.28617173,81.43321641,5.105588355,242.3170629,rice
85,37,39,24.52783742,82.73685569,6.364134968,224.6757231,rice
14,74,19,18.39759147,36.82639309,6.624966131,93.12330644,pigeonpeas
21,39,20,28.14448546,82.1193047,7.064782138,46.75690086,mungbean
14,74,19,18.39759147,36.82639309,6.624966131,93.12330644,pigeonpeas
89,54,38,24.51588066,83.5352163,6.685346424,230.4462359,rice
30,37,25,29.89129144,80.14487166,7.120032489,54.7960127,mungbean
10,79,18,21.0643684,55.46985938,5.624731338,184.6226709,pigeonpeas
52,63,19,29.58949031,68.32176769,6.928898659,67.53021213,blackgram
34,75,24,23.50222822,51.29019509,4.760038039,192.3023991,pigeonpeas
33,75,21,33.04687968,68.93875631,6.690655045,62.30278274,blackgram
16,80,20,31.24021696,56.67369054,7.339320929,122.0146733,pigeonpeas
23,45,23,28.77653519,86.69133979,6.983130466,56.12443206,mungbean
71,52,18,25.10787449,55.97732754,5.790770203,78.16077693,maize
75,53,18,20.68899915,59.4375337,6.864793607,103.651438,maize
74,54,38,25.65553461,83.47021081,7.120272972,217.3788583,rice
84,57,25,22.53510514,67.99257471,6.489040367,64.40866039,maize
129,60,22,24.58453146,79.12404171,5.947448589,71.94608134,cotton
20,72,15,36.00415838,56.01334416,7.313517308,134.8596466,pigeonpeas
9,35,20,27.41503453,80.98004661,6.91380932,40.53173216,mungbean
31,51,25,27.53592929,85.5701901,7.196774236,53.01899249,mungbean
77,36,37,26.88444878,81.46033732,6.136131869,194.5766559,rice
5,56,24,24.80710166,45.01110015,5.023115055,188.4928637,pigeonpeas
67,45,38,22.72791041,82.1706881,7.300410836,260.8875056,rice
41,78,21,25.19857725,60.37332688,6.581313137,70.88787207,blackgram
38,72,21,28.23416057,49.4421345,5.902103172,186.5008581,pigeonpeas
83,60,36,25.59704938,80.14509262,6.903985986,200.834898,rice
122,40,17,24.96440768,81.31677618,6.854558957,80.03995829,cotton
84,50,44,25.48591986,81.40633547,5.935344406,182.6549356,rice
118,50,19,22.95604064,82.33733678,6.360812227,66.48339303,cotton
49,68,22,28.56840626,61.53278622,7.127064207,63.49726331,blackgram
71,60,22,26.07470121,59.37147589,6.2048017,85.75692395,maize
91,56,37,23.43191632,80.56887849,6.363472208,269.5039162,rice
93,56,36,24.01497622,82.05687182,6.98435366,185.2773389,rice
69,51,23,22.21738222,72.85462807,6.80163854,106.6213157,maize
107,51,22,24.86560781,78.22080815,5.983075895,79.56866268,cotton
86,55,21,21.54156232,59.64024162,6.803931519,109.7515385,maize
102,37,25,25.31468463,77.91757121,5.907930899,72.82902109,cotton
1,66,23,19.54317155,56.92831399,4.803564468,173.1686574,pigeonpeas
22,56,17,29.87888063,87.32761241,6.89077995,44.75215854,mungbean
30,64,20,33.8642935,61.57072498,6.573531614,68.02199825,blackgram
1,76,17,28.43430726,52.10010827,6.012719118,147.0414824,pigeonpeas
99,36,20,20.57981887,65.34583901,6.671085817,78.34604471,maize
59,63,18,31.65531175,60.13263713,6.52669158,66.69096751,blackgram
69,46,41,23.64124821,80.28597873,5.012139669,263.1103304,rice
91,35,38,24.8972823,80.52586088,6.13428721,183.6793207,rice
10,79,18,21.0643684,55.46985938,5.624731338,184.6226709,pigeonpeas
93,58,38,20.61521424,83.77345559,6.932400225,279.5451717,rice
114,40,17,24.32630461,80.13456404,6.363406102,69.45072055,cotton
69,46,41,23.64124821,80.28597873,5.012139669,263.1103304,rice
122,48,16,24.65425757,75.6350708,6.307585854,61.82980133,cotton
68,57,43,26.08867875,80.37979919,5.706943251,182.9043504,rice
40,70,20,31.80130272,45.03186173,5.623490043,147.0361442,pigeonpeas
25,76,17,31.74105409,68.63525428,7.241148507,62.3061735,blackgram
14,57,15,29.8757015,83.14796296,6.623438282,40.12044158,mungbean
31,56,23,31.46846241,35.39454002,5.661826398,174.5723999,pigeonpeas
61,53,43,26.40323239,81.05635517,6.349606327,223.3671883,rice
50,55,16,28.81460716,65.33538112,7.581442888,62.26242533,blackgram
7,77,18,20.5591255,60.54880693,6.655918078,191.0895109,pigeonpeas
61,59,17,23.33844615,59.24580604,6.47444292,105.0083144,maize
84,44,21,21.869274,61.91044947,5.850439831,107.2681929,maize
56,79,15,29.48439992,63.19915325,7.454532137,71.89090748,blackgram
97,50,41,24.52922681,80.54498576,7.070959995,260.2634026,rice
111,50,15,25.16820129,80.30351815,7.884550475,84.62419032,cotton
39,37,15,28.9973145,83.78911515,6.821747052,59.84499208,mungbean
39,60,21,34.89814946,63.59948557,6.97297656,64.72797143,blackgram
74,54,38,25.65553461,83.47021081,7.120272972,217.3788583,rice
69,55,38,22.70883798,82.63941394,5.70080568,271.3248604,rice
78,42,42,20.13017482,81.60487287,7.628472891,262.7173405,rice
21,80,20,28.20667264,68.27085245,7.350869792,64.32887142,blackgram
5,68,20,18.72987676,61.33186249,5.001038726,139.8710041,pigeonpeas
10,37,22,28.7275267,89.12760359,7.069747814,58.52974279,mungbean
116,52,19,22.94276687,75.37170612,6.114525877,67.08022574,cotton
118,44,23,22.08458267,82.82904143,6.691690476,67.06459777,cotton
27,71,23,23.45379018,46.48714759,7.10959773,150.8712202,pigeonpeas
23,55,16,21.01142393,69.69141302,5.111488821,185.2039114,pigeonpeas
76,47,42,20.08369642,83.29114712,5.739175027,263.6372176,rice
37,49,25,29.9145443,85.85384444,6.415459592,41.39081525,mungbean
34,35,21,28.44524991,82.67639542,6.684381357,58.18713162,mungbean
4,41,20,28.14720892,83.8001509,6.647965508,37.44800463,mungbean
49,68,22,28.56840626,61.53278622,7.127064207,63.49726331,blackgram
79,59,17,20.37999665,63.73849998,6.644205485,108.5054416,maize
20,68,23,25.54960633,63.95425534,7.707332484,63.1830529,blackgram
113,38,20,22.10718988,78.58320116,6.364729934,74.94136567,cotton
75,53,18,20.68899915,59.4375337,6.864793607,103.651438,maize
35,71,17,29.89286629,66.35375127,6.931924963,198.1403003,pigeonpeas
99,36,20,20.57981887,65.34583901,6.671085817,78.34604471,maize
8,45,18,27.93034941,85.42058715,7.011030515,43.25095608,mungbean
43,68,20,29.57812712,66.17587668,7.497469256,69.43895491,blackgram
40,62,19,27.32198928,34.13737127,4.697750704,96.51524028,pigeonpeas
94,54,17,23.39128187,61.74427165,5.871647806,107.3198135,maize
11,60,23,27.33684386,88.50229102,7.033012777,51.09802625,mungbean
69,46,41,23.64124821,80.28597873,5.012139669,263.1103304,rice
85,58,41,21.77046169,80.31964408,7.038096361,226.6555374,rice
60,59,22,31.86847286,66.74217464,7.191522601,74.22238583,blackgram
25,71,24,28.49538735,60.44848407,7.187721818,74.91559514,blackgram
19,57,23,23.6734328,47.2879691,7.342409555,141.1250722,pigeonpeas
99,57,35,26.75754171,81.17734011,5.960370061,272.2999056,rice
68,41,16,21.77689322,57.80840636,6.158830619,102.0861694,maize
111,39,22,22.60361557,80.3509046,6.135025006,88.57395505,cotton
66,53,19,23.09348056,60.1159381,6.033550195,65.49730729,maize
26,67,16,29.10713092,67.90577375,7.17620823,67.83345933,blackgram
96,54,22,25.70196694,61.33450447,6.960358276,83.20711308,maize
55,66,22,30.91219459,68.79427388,7.747775263,66.63830637,blackgram
104,47,18,23.9656349,76.97696717,7.633437412,90.75616738,cotton
58,79,17,27.24766491,66.10123083,7.04174124,62.31842057,blackgram
5,45,21,28.36291385,88.00989267,6.487124217,43.05130077,mungbean
43,61,20,26.87187036,61.61367264,6.804253866,63.51822045,blackgram
27,61,18,33.30711818,67.07780816,5.266227032,108.5090168,pigeonpeas
50,58,23,27.81326852,62.50460464,7.596802025,69.75555541,blackgram
40,63,18,30.41588462,67.66323804,6.74441168,63.02473185,blackgram
23,75,25,31.07508973,47.19847683,7.077170002,91.31256412,pigeonpeas
75,53,18,20.68899915,59.4375337,6.864793607,103.651438,maize
31,58,15,27.11026483,84.96771717,7.121571293,51.52617423,mungbean
44,55,25,29.6321052,65.91359954,7.42160832,71.16331975,blackgram
52,71,16,27.74274761,68.53997144,7.075886472,71.78615328,blackgram
63,43,19,18.51816776,55.53128131,6.641906353,90.988051,maize
36,61,21,34.53823889,39.04468913,5.617008201,168.5948318,pigeonpeas
69,46,41,23.64124821,80.28597873,5.012139669,263.1103304,rice
132,41,22,24.29144926,81.02453404,7.810865753,90.41694635,cotton
37,62,17,25.68576704,69.84354028,7.121254928,74.62068748,blackgram
27,61,18,33.30711818,67.07780816,5.266227032,108.5090168,pigeonpeas
52,58,16,30.64095781,61.14508627,7.167435834,71.36947525,blackgram
8,54,20,28.3340432,80.77275974,7.034214276,38.7976407,mungbean
90,46,42,23.97898217,81.45061596,7.50283396,250.0832336,rice
16,71,24,18.33124824,38.40975482,4.946369874,139.6483317,pigeonpeas
31,58,15,27.11026483,84.96771717,7.121571293,51.52617423,mungbean
31,37,21,27.23924995,86.404241,6.713410626,37.31236904,mungbean
99,54,37,21.14347496,80.33502926,5.594819626,198.6730942,rice
113,38,25,22.00085141,79.47270984,7.388265888,90.42224164,cotton
40,70,20,31.80130272,45.03186173,5.623490043,147.0361442,pigeonpeas
42,73,25,34.03679184,67.21113844,6.501869314,73.23573601,blackgram
21,80,20,28.20667264,68.27085245,7.350869792,64.32887142,blackgram
44,75,22,30.0328403,64.14800537,7.574561547,71.21006868,blackgram
60,55,44,23.00445915,82.3207629,7.840207144,263.9642476,rice
74,58,18,20.03728219,56.35606753,6.727303282,109.024141,maize
6,48,24,28.6362812,84.61431076,6.790736339,48.48319335,mungbean
20,72,15,36.00415838,56.01334416,7.313517308,134.8596466,pigeonpeas
76,40,43,25.15745531,83.11713476,5.070175667,231.3843163,rice
90,42,43,20.87974371,82.00274423,6.502985292,202.9355362,rice
37,73,21,29.50304807,63.46513414,5.560224583,189.5208915,pigeonpeas
27,57,24,27.33534897,43.35795962,6.09186275,142.3303677,pigeonpeas
88,38,15,25.08239719,65.92195844,6.455116637,62.49190812,maize
52,65,20,32.81705216,66.15665137,6.814301033,68.83924882,blackgram
20,60,22,29.65052947,42.89833235,6.876572503,186.9226052,pigeonpeas
31,58,15,27.11026483,84.96771717,7.121571293,51.52617423,mungbean
3,60,19,25.74679443,40.7192594,4.820788186,100.7791633,pigeonpeas
122,40,17,24.96440768,81.31677618,6.854558957,80.03995829,cotton
25,40,21,27.73329078,81.13903037,6.248900919,44.17580911,mungbean
29,36,25,28.28511547,88.4393979,7.130278657,48.56690235,mungbean
106,49,24,23.03887865,76.47039772,6.983395573,90.64770699,cotton
100,48,17,23.7805123,83.03878838,7.827877818,66.26555904,cotton
100,48,17,23.7805123,83.03878838,7.827877818,66.26555904,cotton
123,50,16,23.04920461,75.53835214,6.498052108,70.65644296,cotton
61,44,17,26.10018422,71.57476937,6.931756558,102.2662445,maize
67,35,22,23.30546753,63.24648023,6.385684214,108.7603001,maize
65,37,40,23.35905428,83.59512273,5.333322606,188.413665,rice
21,62,24,33.49077065,62.73317204,6.847382891,65.45328463,blackgram
77,52,17,24.86374934,65.7420046,5.714799723,75.82270467,maize
8,45,18,27.93034941,85.42058715,7.011030515,43.25095608,mungbean
127,53,24,22.21506982,76.17851932,6.127939628,70.40557612,cotton
8,54,20,28.3340432,80.77275974,7.034214276,38.7976407,mungbean
100,48,16,25.71895816,67.22190688,5.54990242,74.51490791,maize
74,39,38,23.24113501,84.59201843,7.782051313,233.0453455,rice
94,53,40,20.27774362,82.89408619,5.718627178,241.9741949,rice
33,58,24,35.45790488,68.75810535,5.269504214,108.6333046,pigeonpeas
98,53,38,20.26707606,81.63895217,5.01450727,270.4417274,rice
83,57,19,25.73044432,70.74739256,6.877869005,98.73771338,maize
36,38,15,28.36363858,87.59810657,6.320662012,57.99524359,mungbean
111,50,15,25.16820129,80.30351815,7.884550475,84.62419032,cotton
121,45,22,22.45942937,81.30681027,6.443785385,64.23026638,cotton
33,60,15,28.95172351,81.67085323,6.510840928,56.51103293,mungbean
120,60,15,22.31871914,83.86129998,7.288377241,65.35747011,cotton
80,43,16,23.55882094,71.59351368,6.657964753,66.71995467,maize
20,72,15,36.00415838,56.01334416,7.313517308,134.8596466,pigeonpeas
58,73,16,33.36984395,65.67718163,6.874142175,64.89517488,blackgram
64,35,23,23.02038334,61.89472002,5.680361038,63.03843397,maize
77,52,17,24.86374934,65.7420046,5.714799723,75.82270467,maize
51,56,18,28.12787838,64.2097765,6.706505915,70.86340755,blackgram
44,58,18,28.03644051,65.06601664,6.814410928,72.49507741,blackgram
79,43,39,21.66628296,80.70960551,7.062779015,210.8142087,rice
27,64,21,32.84213012,68.68401492,7.543804223,73.67166182,blackgram
99,55,35,21.7238313,80.2389895,6.501697816,277.9626192,rice
49,72,15,31.55846339,67.83563765,7.137004749,74.86960831,blackgram
92,44,16,18.87751445,65.76816093,6.082973754,94.76189431,maize
28,35,22,29.53037621,86.73346018,7.156563094,59.87232071,mungbean
90,44,38,23.83509503,83.88387074,7.473134377,241.2013513,rice
21,74,15,29.49096726,67.10604388,6.471862118,153.2504506,pigeonpeas
8,54,20,28.3340432,80.77275974,7.034214276,38.7976407,mungbean
78,43,42,21.32376327,83.00320459,7.283736617,192.3197536,rice
93,56,36,24.01497622,82.05687182,6.98435366,185.2773389,rice
107,42,24,22.04612876,84.62978302,6.144631795,86.00758678,cotton
5,68,20,18.72987676,61.33186249,5.001038726,139.8710041,pigeonpeas
7,77,18,20.5591255,60.54880693,6.655918078,191.0895109,pigeonpeas
20,40,15,29.57329479,88.07505524,7.199495368,45.04467075,mungbean
74,54,38,25.65553461,83.47021081,7.120272972,217.3788583,rice
61,44,17,26.10018422,71.57476937,6.931756558,102.2662445,maize
75,53,18,20.68899915,59.4375337,6.864793607,103.651438,maize
13,75,20,30.55992394,35.29006485,6.979540061,178.8998611,pigeonpeas
125,60,17,24.14386157,84.51591287,6.785723961,80.36146974,cotton
27,71,24,31.46417866,48.17631461,7.064973419,165.405354,pigeonpeas
93,56,42,23.85724032,82.22572988,7.382762603,195.0948311,rice
36,55,20,27.01470397,84.34262707,6.635968698,55.296354,mungbean
120,48,16,22.46054478,75.40989245,7.456971816,71.85436078,cotton
34,47,19,27.31372793,85.44815232,6.568795404,53.15223123,mungbean
1,76,17,28.43430726,52.10010827,6.012719118,147.0414824,pigeonpeas
34,35,21,28.44524991,82.67639542,6.684381357,58.18713162,mungbean
8,54,20,28.3340432,80.77275974,7.034214276,38.7976407,mungbean
107,58,15,23.73868041,75.77503808,7.55606399,76.63669195,cotton
21,62,24,33.49077065,62.73317204,6.847382891,65.45328463,blackgram
76,60,39,20.0454142,80.3477562,6.766240045,208.5810155,rice
98,53,38,20.26707606,81.63895217,5.01450727,270.4417274,rice
27,71,24,31.46417866,48.17631461,7.064973419,165.405354,pigeonpeas
29,36,25,28.28511547,88.4393979,7.130278657,48.56690235,mungbean
56,79,15,29.48439992,63.19915325,7.454532137,71.89090748,blackgram
76,60,39,20.0454142,80.3477562,6.766240045,208.5810155,rice
37,50,23,29.65296893,88.48587386,6.5304707,56.01913159,mungbean
36,55,20,27.01470397,84.34262707,6.635968698,55.296354,mungbean
25,65,21,33.86351172,68.59232289,6.880245789,69.24464096,blackgram
14,57,15,29.8757015,83.14796296,6.623438282,40.12044158,mungbean
21,72,17,31.52104732,66.55723677,7.580527339,61.71111448,blackgram
41,78,21,25.19857725,60.37332688,6.581313137,70.88787207,blackgram
95,55,42,26.79533926,82.1480873,5.950660556,193.3473987,rice
9,48,22,27.77076285,87.09979549,6.402926221,49.50812624,mungbean
96,46,22,20.58314011,69.00128641,6.499936446,66.29390357,maize
76,57,18,18.9802729,74.52600826,6.092725883,94.26249353,maize
17,58,20,28.06642822,85.91625451,6.42937879,39.23831035,mungbean
74,35,40,26.49109635,80.15836264,6.980400905,242.8640342,rice
90,57,24,18.92851916,72.80086137,6.158860284,82.34162918,maize
36,38,15,28.36363858,87.59810657,6.320662012,57.99524359,mungbean
99,41,36,24.45802087,82.74835604,6.738652179,182.5616319,rice
91,53,40,26.52723513,81.41753846,5.386167788,264.6148697,rice
76,40,43,25.15745531,83.11713476,5.070175667,231.3843163,rice
31,37,21,27.23924995,86.404241,6.713410626,37.31236904,mungbean
41,62,15,29.38400259,64.14928485,7.358974541,65.24194361,blackgram
78,40,38,26.46428311,83.85642678,7.549873681,248.2256491,rice
89,60,19,25.19192419,66.6902901,5.913664501,78.06639649,maize
135,43,16,23.47986888,81.73049149,6.720449769,86.76287924,cotton
37,73,21,29.50304807,63.46513414,5.560224583,189.5208915,pigeonpeas
37,62,17,25.68576704,69.84354028,7.121254928,74.62068748,blackgram
40,58,15,29.46416042,87.60890009,6.978400282,43.15411472,mungbean
35,72,21,34.03619494,64.28791388,7.741418772,66.85510868,blackgram
34,47,19,27.31372793,85.44815232,6.568795404,53.15223123,mungbean
71,35,24,22.27373646,59.52193158,5.826426917,67.96704792,maize
71,54,16,22.61359953,63.69070564,5.749914421,87.75953857,maize
39,60,21,34.89814946,63.59948557,6.97297656,64.72797143,blackgram
70,44,19,23.31689124,73.4541537,5.852607099,94.29712821,maize
81,41,38,22.67846116,83.72874389,7.524080076,200.9133156,rice
95,55,42,26.79533926,82.1480873,5.950660556,193.3473987,rice
103,51,20,22.80213132,84.14668447,7.046607434,91.6389565,cotton
16,80,20,31.24021696,56.67369054,7.339320929,122.0146733,pigeonpeas
14,37,15,27.96235681,83.97586797,6.581351374,48.9366954,mungbean
1,59,23,27.46852989,87.17649,7.184398832,43.78420984,mungbean
71,46,40,20.2801937,82.1235421,7.236705436,191.9535738,rice
19,53,22,27.8640132,80.4513142,6.852884643,42.83053902,mungbean
8,50,21,28.62911222,89.1148059,6.218923893,50.49913241,mungbean
81,45,23,19.32666088,68.034493,6.192360003,84.22969177,maize
125,60,17,24.14386157,84.51591287,6.785723961,80.36146974,cotton
83,41,43,21.0525355,82.67839517,6.254028451,233.1075816,rice
40,62,19,27.32198928,34.13737127,4.697750704,96.51524028,pigeonpeas
36,43,21,28.36319404,84.8593608,7.140437859,52.93031105,mungbean
67,51,24,23.50297882,61.32026065,5.584171461,64.77791424,maize
117,51,15,22.9535715,78.71555832,6.044556594,99.75336197,cotton
55,78,21,33.39438752,62.93692886,6.602888249,63.57445989,blackgram
69,51,23,22.21738222,72.85462807,6.80163854,106.6213157,maize
61,52,41,24.97669518,83.891805,6.880431223,204.8001847,rice
30,44,16,29.73013036,82.89166381,6.442335593,50.91511275,mungbean
69,46,41,23.64124821,80.28597873,5.012139669,263.1103304,rice
41,78,21,25.19857725,60.37332688,6.581313137,70.88787207,blackgram
2,67,18,34.51934775,47.52980027,5.921666758,129.0064612,pigeonpeas
25,71,24,28.49538735,60.44848407,7.187721818,74.91559514,blackgram
117,56,15,25.99237426,77.0543546,7.368258226,89.1188212,cotton
9,66,21,30.11812084,34.13307843,5.719889876,157.0858232,pigeonpeas
44,55,25,29.6321052,65.91359954,7.42160832,71.16331975,blackgram
13,75,20,30.55992394,35.29006485,6.979540061,178.8998611,pigeonpeas
4,36,22,27.60887393,86.13316408,7.012740397,43.80041104,mungbean
131,60,17,25.32023717,81.79475917,7.425041316,83.46532547,cotton
52,65,20,32.81705216,66.15665137,6.814301033,68.83924882,blackgram
61,52,41,24.97669518,83.891805,6.880431223,204.8001847,rice
89,54,38,24.51588066,83.5352163,6.685346424,230.4462359,rice
93,41,17,25.6217169,66.50415474,6.047906679,105.4654703,maize
44,55,25,29.6321052,65.91359954,7.42160832,71.16331975,blackgram
131,56,20,22.00817088,81.83896111,7.762647875,92.23645249,cotton
135,43,16,23.47986888,81.73049149,6.720449769,86.76287924,cotton
2,47,15,29.86860065,85.99127934,6.401455706,58.41394143,mungbean
120,60,15,22.31871914,83.86129998,7.288377241,65.35747011,cotton
33,73,23,29.23540524,59.38967583,5.985792703,103.3301803,pigeonpeas
91,35,38,24.8972823,80.52586088,6.13428721,183.6793207,rice
36,38,15,28.36363858,87.59810657,6.320662012,57.99524359,mungbean
8,54,20,28.3340432,80.77275974,7.034214276,38.7976407,mungbean
21,72,17,31.52104732,66.55723677,7.580527339,61.71111448,blackgram
77,52,17,24.86374934,65.7420046,5.714799723,75.82270467,maize
9,35,20,27.41503453,80.98004661,6.91380932,40.53173216,mungbean
107,58,15,23.73868041,75.77503808,7.55606399,76.63669195,cotton
33,57,17,27.89636126,88.71782287,6.78415271,57.79863368,mungbean
25,62,21,26.73433965,68.13999721,7.040056094,67.15096376,blackgram
14,74,19,18.39759147,36.82639309,6.624966131,93.12330644,pigeonpeas
135,43,16,23.47986888,81.73049149,6.720449769,86.76287924,cotton
14,37,15,27.96235681,83.97586797,6.581351374,48.9366954,mungbean
1,59,23,27.46852989,87.17649,7.184398832,43.78420984,mungbean
63,44,41,24.17298839,83.7287574,5.583370042,257.0343554,rice
82,43,38,23.28617173,81.43321641,5.105588355,242.3170629,rice
93,41,17,25.6217169,66.50415474,6.047906679,105.4654703,maize
90,57,24,18.92851916,72.80086137,6.158860284,82.34162918,maize
20,68,23,25.54960633,63.95425534,7.707332484,63.1830529,blackgram
122,40,17,24.96440768,81.31677618,6.854558957,80.03995829,cotton
62,42,36,22.78133816,82.06719137,6.430010215,248.7183228,rice
88,54,44,25.7354293,83.88266234,6.149410611,233.1321372,rice
108,60,17,22.75805656,76.75768356,6.558902588,97.76600619,cotton
55,67,16,34.37329112,69.69366426,6.596719015,70.27184748,blackgram
25,48,21,28.438097,83.48991368,6.267684328,52.55469976,mungbean
98,47,37,23.48381344,81.33265073,7.375482851,224.0581164,rice
84,57,25,22.53510514,67.99257471,6.489040367,64.40866039,maize
1,76,17,28.43430726,52.10010827,6.012719118,147.0414824,pigeonpeas
66,54,21,25.19008683,60.2001687,5.919045532,72.12375573,maize
100,48,17,23.7805123,83.03878838,7.827877818,66.26555904,cotton
48,62,15,25.36586097,66.6379724,7.538631462,65.81655892,blackgram
6,47,18,29.16174608,80.28038146,6.715276663,40.16545979,mungbean
110,39,18,24.54795322,75.39752705,7.766259769,63.88079866,cotton
33,73,23,29.23540524,59.38967583,5.985792703,103.3301803,pigeonpeas
79,45,20,23.80546189,59.24537979,5.715208817,89.9622014,maize
91,35,39,23.79391957,80.41817957,6.970859754,206.2611855,rice
36,67,25,35.95176642,36.52780776,6.418062652,136.0456753,pigeonpeas
70,36,42,21.84106875,80.72886384,6.946209881,202.3838319,rice
126,38,23,25.36243778,83.63276077,6.176716425,88.43618918,cotton
60,55,44,23.00445915,82.3207629,7.840207144,263.9642476,rice
73,57,41,21.44653958,84.94375962,5.824709117,272.2017204,rice
5,56,24,24.80710166,45.01110015,5.023115055,188.4928637,pigeonpeas
93,56,36,24.01497622,82.05687182,6.98435366,185.2773389,rice
85,58,41,21.77046169,80.31964408,7.038096361,226.6555374,rice
27,61,18,33.30711818,67.07780816,5.266227032,108.5090168,pigeonpeas
35,71,17,29.89286629,66.35375127,6.931924963,198.1403003,pigeonpeas
50,64,25,28.84079155,63.37230676,6.734447425,70.25496749,blackgram
27,60,17,26.41768321,63.64698302,7.026795359,64.42177127,blackgram
21,62,24,33.49077065,62.73317204,6.847382891,65.45328463,blackgram
55,78,21,33.39438752,62.93692886,6.602888249,63.57445989,blackgram
6,69,19,26.88630675,41.69617915,4.750929218,94.46748008,pigeonpeas
133,47,23,24.88738107,75.62137159,6.827354668,89.76050416,cotton
75,53,18,20.68899915,59.4375337,6.864793607,103.651438,maize
127,53,24,22.21506982,76.17851932,6.127939628,70.40557612,cotton
30,44,16,29.73013036,82.89166381,6.442335593,50.91511275,mungbean
33,77,21,30.32992227,65.62971858,7.01285529,71.64631281,blackgram
72,60,25,18.52510753,69.0276233,5.773454729,88.10234397,maize
65,60,43,21.97199397,81.89918197,5.658169482,227.3637009,rice
63,42,21,23.26237612,72.33125523,5.798423908,67.10225139,maize
106,49,24,23.03887865,76.47039772,6.983395573,90.64770699,cotton
35,58,20,29.38538562,63.47742011,5.761702519,90.05422663,pigeonpeas
133,47,24,24.40228894,79.19732001,7.231324765,90.8022356,cotton
76,39,24,24.2547451,55.64709899,6.995843776,64.23845455,maize
67,35,22,23.30546753,63.24648023,6.385684214,108.7603001,maize
72,40,38,20.41447029,82.20802629,7.592490617,245.1511304,rice
36,43,21,28.36319404,84.8593608,7.140437859,52.93031105,mungbean
4,59,25,27.68515114,81.94268594,6.227134139,54.62243308,mungbean
102,46,19,22.77076388,82.5993307,6.631005298,81.49543437,cotton
63,43,19,18.51816776,55.53128131,6.641906353,90.988051,maize
20,72,15,36.00415838,56.01334416,7.313517308,134.8596466,pigeonpeas
53,67,17,31.77681682,69.01852894,7.296972161,61.46892873,blackgram
102,45,16,23.65629976,77.52425987,7.2942193,74.8984994,cotton
20,41,20,29.27308605,89.4875022,7.073048264,50.9246554,mungbean
69,46,41,23.64124821,80.28597873,5.012139669,263.1103304,rice
102,46,19,22.77076388,82.5993307,6.631005298,81.49543437,cotton
129,60,22,24.58453146,79.12404171,5.947448589,71.94608134,cotton
91,50,40,20.82477109,84.1341879,6.462391607,230.2242223,rice
122,48,16,24.65425757,75.6350708,6.307585854,61.82980133,cotton
108,60,17,22.75805656,76.75768356,6.558902588,97.76600619,cotton
126,38,23,25.36243778,83.63276077,6.176716425,88.43618918,cotton
27,71,24,31.46417866,48.17631461,7.064973419,165.405354,pigeonpeas
28,65,23,28.38686534,61.88871127,7.405176138,74.24459122,blackgram
49,76,18,27.05365239,67.7017527,7.393631868,60.4693835,blackgram
130,59,19,25.07278712,82.50257909,6.520403794,93.51042684,cotton
102,46,19,22.77076388,82.5993307,6.631005298,81.49543437,cotton
33,80,22,28.57006111,65.71765781,6.593961761,70.0866434,blackgram
10,71,18,19.54284889,66.34777265,6.151029296,173.1106982,pigeonpeas
60,49,44,20.77576147,84.49774397,6.244841491,240.0810647,rice
2,39,15,28.07219563,82.9116472,6.478557136,49.61865305,mungbean
104,47,18,23.9656349,76.97696717,7.633437412,90.75616738,cotton
78,40,38,26.46428311,83.85642678,7.549873681,248.2256491,rice
35,64,15,28.47442276,63.53604453,6.500144962,69.5274407,blackgram
35,48,15,27.10818093,87.4512669,6.981758362,55.03723979,mungbean
118,44,23,22.08458267,82.82904143,6.691690476,67.06459777,cotton
29,63,17,30.02629908,67.88811637,7.26154329,66.47264636,blackgram
27,62,24,28.63005477,66.770943,7.353876754,62.2737345,blackgram
30,64,20,33.8642935,61.57072498,6.573531614,68.02199825,blackgram
131,60,17,25.32023717,81.79475917,7.425041316,83.46532547,cotton
60,49,44,20.77576147,84.49774397,6.244841491,240.0810647,rice
41,62,15,29.38400259,64.14928485,7.358974541,65.24194361,blackgram
108,60,17,22.75805656,76.75768356,6.558902588,97.76600619,cotton
20,72,15,36.00415838,56.01334416,7.313517308,134.8596466,pigeonpeas
69,55,38,22.70883798,82.63941394,5.70080568,271.3248604,rice
79,51,16,25.33797709,68.49835977,6.586244581,96.46380213,maize
21,63,22,25.09737391,67.72837887,6.859409487,74.61649888,blackgram
42,73,25,34.03679184,67.21113844,6.501869314,73.23573601,blackgram
91,50,40,20.82477109,84.1341879,6.462391607,230.2242223,rice
24,70,21,19.14729038,45.3733757,5.517208078,132.7748215,pigeonpeas
20,67,19,19.24462755,50.54495302,5.671419084,180.6465282,pigeonpeas
9,48,20,29.66461594,84.28187572,6.377568542,56.09542002,mungbean
27,57,24,27.33534897,43.35795962,6.09186275,142.3303677,pigeonpeas
114,40,17,24.32630461,80.13456404,6.363406102,69.45072055,cotton
39,60,21,34.89814946,63.59948557,6.97297656,64.72797143,blackgram
34,35,21,28.44524991,82.67639542,6.684381357,58.18713162,mungbean
69,46,41,23.64124821,80.28597873,5.012139669,263.1103304,rice
99,54,37,21.14347496,80.33502926,5.594819626,198.6730942,rice
88,46,42,22.68319059,83.46358271,6.604993475,194.2651719,rice
9,59,24,20.43517772,39.37252634,4.747352458,137.2279662,pigeonpeas
116,52,19,22.94276687,75.37170612,6.114525877,67.08022574,cotton
76,51,18,26.16985907,71.96246617,6.247040422,79.84925393,maize
102,45,16,23.65629976,77.52425987,7.2942193,74.8984994,cotton
22,54,20,28.56149805,83.63802195,6.689825155,41.013132,mungbean
129,60,22,24.58453146,79.12404171,5.947448589,71.94608134,cotton
60,54,19,18.74826712,62.49878458,6.417820493,70.23401597,maize
67,43,39,26.04371967,84.96907151,5.999969026,186.7536773,rice
60,49,44,20.77576147,84.49774397,6.244841491,240.0810647,rice
75,38,39,23.44676801,84.79352417,6.215109715,283.9338466,rice
16,77,22,31.48469278,35.6395615,6.574209678,100.546816,pigeonpeas
20,41,20,29.27308605,89.4875022,7.073048264,50.9246554,mungbean
92,44,16,18.87751445,65.76816093,6.082973754,94.76189431,maize
74,43,23,25.95263264,61.89082199,6.325235159,99.57981207,maize
47,63,16,27.44003279,67.10464369,6.661870999,72.50669768,blackgram
131,35,18,24.49112609,82.24415809,7.057693366,64.02949379,cotton
60,59,22,31.86847286,66.74217464,7.191522601,74.22238583,blackgram
20,72,15,36.00415838,56.01334416,7.313517308,134.8596466,pigeonpeas
33,60,15,28.95172351,81.67085323,6.510840928,56.51103293,mungbean
108,38,24,23.41022496,76.43836957,7.442217061,78.82199603,cotton
131,56,20,22.00817088,81.83896111,7.762647875,92.23645249,cotton
113,37,20,25.03300222,79.04368718,7.393441155,97.10087029,cotton
74,58,18,20.03728219,56.35606753,6.727303282,109.024141,maize
36,55,20,27.01470397,84.34262707,6.635968698,55.296354,mungbean
87,54,20,25.61707368,63.4711755,6.576418207,108.8303762,maize
21,62,24,33.49077065,62.73317204,6.847382891,65.45328463,blackgram
27,57,24,27.33534897,43.35795962,6.09186275,142.3303677,pigeonpeas
99,41,36,24.45802087,82.74835604,6.738652179,182.5616319,rice
42,61,22,26.27274407,62.28814857,7.418650668,70.23207557,blackgram
18,58,16,21.47607807,38.80023714,4.962661422,180.382234,pigeonpeas
29,67,21,29.79181107,63.38789228,6.621323612,63.02169909,blackgram
29,76,15,28.5417236,64.2020154,7.025607706,69.68862306,blackgram
8,50,21,28.62911222,89.1148059,6.218923893,50.49913241,mungbean
31,37,21,27.23924995,86.404241,6.713410626,37.31236904,mungbean
102,49,21,24.69315538,84.84422454,6.253343655,89.799462,cotton
105,60,23,23.53371386,77.21705554,6.207652157,87.54004943,cotton
20,72,15,36.00415838,56.01334416,7.313517308,134.8596466,pigeonpeas
21,39,20,28.14448546,82.1193047,7.064782138,46.75690086,mungbean
21,78,19,27.16159076,66.76017239,6.92009048,69.85112265,blackgram
57,67,25,32.34744009,66.61452812,7.551364319,64.55882254,blackgram
33,58,24,35.45790488,68.75810535,5.269504214,108.6333046,pigeonpeas
57,60,17,26.23773129,67.88521396,7.504608385,73.58663968,blackgram
21,38,21,29.75538903,86.45193297,6.637677489,37.54602719,mungbean
107,58,15,23.73868041,75.77503808,7.55606399,76.63669195,cotton
78,58,44,26.80079604,80.88684822,5.108681786,284.4364567,rice
99,57,35,26.75754171,81.17734011,5.960370061,272.2999056,rice
107,51,22,24.86560781,78.22080815,5.983075895,79.56866268,cotton
42,73,25,34.03679184,67.21113844,6.501869314,73.23573601,blackgram
87,35,25,21.44526922,63.1621551,6.178056304,65.88951188,maize
27,71,24,31.46417866,48.17631461,7.064973419,165.405354,pigeonpeas
55,67,16,34.37329112,69.69366426,6.596719015,70.27184748,blackgram
60,59,22,31.86847286,66.74217464,7.191522601,74.22238583,blackgram
122,48,16,24.65425757,75.6350708,6.307585854,61.82980133,cotton
11,60,23,27.33684386,88.50229102,7.033012777,51.09802625,mungbean
29,78,25,19.95991719,59.33157782,5.982854523,195.787103,pigeonpeas
69,46,41,23.64124821,80.28597873,5.012139669,263.1103304,rice
8,45,18,27.93034941,85.42058715,7.011030515,43.25095608,mungbean
94,50,37,25.66585205,80.66385045,6.94801983,209.5869708,rice
34,35,21,28.44524991,82.67639542,6.684381357,58.18713162,mungbean
48,62,15,25.36586097,66.6379724,7.538631462,65.81655892,blackgram
85,58,41,21.77046169,80.31964408,7.038096361,226.6555374,rice
56,76,16,28.27265858,61.18956161,7.513151076,63.29900785,blackgram
90,57,24,18.92851916,72.80086137,6.158860284,82.34162918,maize
61,59,17,23.33844615,59.24580604,6.47444292,105.0083144,maize
108,36,19,22.78249615,77.51235009,7.238566893,64.61444234,cotton
36,80,21,33.64769646,48.41490082,7.066087261,100.4673278,pigeonpeas
74,39,38,23.24113501,84.59201843,7.782051313,233.0453455,rice
66,54,21,25.19008683,60.2001687,5.919045532,72.12375573,maize
47,63,16,27.44003279,67.10464369,6.661870999,72.50669768,blackgram
100,48,16,25.71895816,67.22190688,5.54990242,74.51490791,maize
132,52,19,24.16402322,76.7433897,6.436691764,61.94626051,cotton
71,54,16,22.61359953,63.69070564,5.749914421,87.75953857,maize
55,66,22,30.91219459,68.79427388,7.747775263,66.63830637,blackgram
61,44,17,26.10018422,71.57476937,6.931756558,102.2662445,maize
25,59,19,29.06631494,83.6869203,6.626629798,43.95183726,mungbean
94,50,37,25.66585205,80.66385045,6.94801983,209.5869708,rice
72,45,35,25.42977518,82.94682591,5.758506323,195.3574542,rice
28,46,16,29.008124,84.96089355,6.664187809,45.91011391,mungbean
27,64,21,32.84213012,68.68401492,7.543804223,73.67166182,blackgram
108,60,17,22.75805656,76.75768356,6.558902588,97.76600619,cotton
9,76,25,28.88302142,50.12323801,5.70951224,179.2155874,pigeonpeas
31,51,25,27.53592929,85.5701901,7.196774236,53.01899249,mungbean
104,47,18,23.9656349,76.97696717,7.633437412,90.75616738,cotton
98,35,18,23.79746068,74.82913698,6.252797548,91.76337172,maize
30,44,16,29.73013036,82.89166381,6.442335593,50.91511275,mungbean
24,44,17,29.8596912,80.03499648,6.666380512,50.66487502,mungbean
34,60,16,31.35730791,64.24992106,7.322555223,63.85668948,blackgram
20,41,20,29.27308605,89.4875022,7.073048264,50.9246554,mungbean
17,58,20,28.06642822,85.91625451,6.42937879,39.23831035,mungbean
133,47,23,24.88738107,75.62137159,6.827354668,89.76050416,cotton
122,48,16,24.65425757,75.6350708,6.307585854,61.82980133,cotton
31,53,16,28.7420098,85.81675947,6.452006451,48.54598575,mungbean
20,41,20,29.27308605,89.4875022,7.073048264,50.9246554,mungbean
100,41,22,22.4204752,84.55794703,7.318802162,93.46595573,cotton
7,74,17,22.47253208,62.56532471,5.667419697,96.74706956,pigeonpeas
4,44,19,27.95639663,83.52706038,6.921993878,43.25726752,mungbean
10,79,18,21.0643684,55.46985938,5.624731338,184.6226709,pigeonpeas
17,67,18,31.2192752,56.46868874,5.611510977,129.2028653,pigeonpeas
120,48,16,22.46054478,75.40989245,7.456971816,71.85436078,cotton
27,74,20,24.69487673,59.96669215,5.859813416,91.95792434,pigeonpeas
22,37,20,27.62749466,86.49366929,6.605733068,39.26137642,mungbean
110,39,25,22.60612115,77.34264002,7.208795456,75.13617229,cotton
18,58,16,21.47607807,38.80023714,4.962661422,180.382234,pigeonpeas
81,41,38,22.67846116,83.72874389,7.524080076,200.9133156,rice
127,53,24,22.21506982,76.17851932,6.127939628,70.40557612,cotton
32,70,20,20.89342749,46.24856523,6.208843215,195.5697875,pigeonpeas
34,60,25,29.78416743,85.16906976,6.79385576,40.77872823,mungbean
55,78,21,33.39438752,62.93692886,6.602888249,63.57445989,blackgram
44,63,15,26.42333018,64.51136845,7.338929556,63.46546487,blackgram
102,37,25,25.31468463,77.91757121,5.907930899,72.82902109,cotton
78,37,22,25.34217103,63.31801994,6.330554389,74.52082026,maize
76,44,17,20.41683147,62.5542482,5.855442401,65.27798457,maize
19,55,20,27.43329405,87.80507732,7.18530147,54.73367631,mungbean
53,74,15,29.43463808,64.94329356,7.517097,72.17818157,blackgram
75,49,15,21.53574127,71.50905983,5.918263801,102.4852929,maize
36,55,20,27.01470397,84.34262707,6.635968698,55.296354,mungbean
121,47,16,23.60564038,79.29573149,7.723240151,72.49800885,cotton
131,38,19,23.86814008,75.68339729,6.814341946,90.4547185,cotton
2,47,15,29.86860065,85.99127934,6.401455706,58.41394143,mungbean
30,44,16,29.73013036,82.89166381,6.442335593,50.91511275,mungbean
33,80,22,28.57006111,65.71765781,6.593961761,70.0866434,blackgram
34,59,23,28.56212158,83.24855855,6.935804256,56.48265193,mungbean
29,45,16,28.43683487,87.91332682,6.583381939,43.12063289,mungbean
90,42,43,20.87974371,82.00274423,6.502985292,202.9355362,rice
25,68,19,29.39982732,64.25510719,7.108450121,67.47677295,blackgram
4,69,19,19.25100056,47.70351758,5.374358869,149.063196,pigeonpeas
26,64,22,25.95058595,40.58227261,5.16516459,109.1821183,pigeonpeas
122,40,17,24.96440768,81.31677618,6.854558957,80.03995829,cotton
121,47,16,23.60564038,79.29573149,7.723240151,72.49800885,cotton
53,67,17,31.77681682,69.01852894,7.296972161,61.46892873,blackgram
40,58,15,29.46416042,87.60890009,6.978400282,43.15411472,mungbean
95,38,22,19.84939404,61.24500053,5.730617109,100.7689246,maize
84,50,44,25.48591986,81.40633547,5.935344406,182.6549356,rice
104,47,18,23.9656349,76.97696717,7.633437412,90.75616738,cotton
75,38,39,23.44676801,84.79352417,6.215109715,283.9338466,rice
103,42,17,24.29470232,84.61527627,6.527541661,81.05902285,cotton
67,51,24,23.50297882,61.32026065,5.584171461,64.77791424,maize
64,35,23,23.02038334,61.89472002,5.680361038,63.03843397,maize
60,57,24,18.66116213,61.55327249,6.121294041,75.03247667,maize
8,59,18,29.50523036,35.72032498,6.216814453,187.8961851,pigeonpeas
87,35,25,21.44526922,63.1621551,6.178056304,65.88951188,maize
39,57,19,29.32379604,45.93248374,6.421748487,165.4113371,pigeonpeas
114,40,23,25.53676123,81.13668716,6.753978061,95.4262599,cotton
17,52,17,27.88352946,86.45147631,6.364967184,44.64407105,mungbean
26,73,21,31.33170829,57.97429171,4.946263888,161.7820226,pigeonpeas
85,58,41,21.77046169,80.31964408,7.038096361,226.6555374,rice
85,58,41,21.77046169,80.31964408,7.038096361,226.6555374,rice
104,47,18,23.9656349,76.97696717,7.633437412,90.75616738,cotton
31,72,17,28.69180475,49.47225353,5.833031708,96.36222901,pigeonpeas
75,53,18,20.68899915,59.4375337,6.864793607,103.651438,maize
76,47,42,20.08369642,83.29114712,5.739175027,263.6372176,rice
35,41,18,28.70562673,81.59200689,6.705008504,59.87065439,mungbean
87,48,25,18.65396672,61.37879671,6.656730008,93.62039175,maize
8,54,20,28.3340432,80.77275974,7.034214276,38.7976407,mungbean
107,36,21,25.29250148,75.66653335,6.205263534,62.64174227,cotton
28,65,23,28.38686534,61.88871127,7.405176138,74.24459122,blackgram
71,35,24,22.27373646,59.52193158,5.826426917,67.96704792,maize
14,57,15,29.8757015,83.14796296,6.623438282,40.12044158,mungbean
84,44,21,21.869274,61.91044947,5.850439831,107.2681929,maize
131,52,16,23.65724079,84.47601498,6.486068274,88.54479121,cotton
10,71,18,19.54284889,66.34777265,6.151029296,173.1106982,pigeonpeas
37,79,19,27.54384835,69.3478631,7.143942758,69.40878198,blackgram
60,38,17,18.41932981,64.23580251,6.474476516,76.41312437,maize
55,60,15,32.79766751,68.77994074,7.163043872,64.11411069,blackgram
83,58,23,19.74213321,59.66263104,6.381201909,65.50861389,maize
74,39,38,23.24113501,84.59201843,7.782051313,233.0453455,rice
26,54,17,28.5474135,88.9570454,6.27258822,49.4897245,mungbean
18,58,16,21.47607807,38.80023714,4.962661422,180.382234,pigeonpeas
14,57,15,29.8757015,83.14796296,6.623438282,40.12044158,mungbean
133,47,24,24.40228894,79.19732001,7.231324765,90.8022356,cotton
5,56,24,24.80710166,45.01110015,5.023115055,188.4928637,pigeonpeas
107,42,24,22.04612876,84.62978302,6.144631795,86.00758678,cotton
100,41,22,22.4204752,84.55794703,7.318802162,93.46595573,cotton
121,47,16,23.60564038,79.29573149,7.723240151,72.49800885,cotton
100,48,16,25.71895816,67.22190688,5.54990242,74.51490791,maize
76,60,39,20.0454142,80.3477562,6.766240045,208.5810155,rice
33,57,17,27.89636126,88.71782287,6.78415271,57.79863368,mungbean
38,72,21,28.23416057,49.4421345,5.902103172,186.5008581,pigeonpeas
113,38,25,22.00085141,79.47270984,7.388265888,90.42224164,cotton
84,51,35,22.30157427,80.64416466,6.043304899,197.9791215,rice
58,61,15,30.94908189,64.23364112,7.402891666,62.78730907,blackgram
14,75,24,24.54757829,57.3414485,6.436160044,118.3606557,pigeonpeas
26,54,17,28.5474135,88.9570454,6.27258822,49.4897245,mungbean
66,44,20,19.0781471,69.02298571,6.740000688,80.72515943,maize
71,46,40,20.2801937,82.1235421,7.236705436,191.9535738,rice
89,60,19,25.19192419,66.6902901,5.913664501,78.06639649,maize
40,58,15,29.46416042,87.60890009,6.978400282,43.15411472,mungbean
68,40,19,26.14384005,66.20569924,6.655426355,107.2361366,maize
69,46,41,23.64124821,80.28597873,5.012139669,263.1103304,rice
41,62,15,29.38400259,64.14928485,7.358974541,65.24194361,blackgram
99,54,37,21.14347496,80.33502926,5.594819626,198.6730942,rice
19,53,22,27.8640132,80.4513142,6.852884643,42.83053902,mungbean
131,38,19,23.86814008,75.68339729,6.814341946,90.4547185,cotton
34,60,16,31.35730791,64.24992106,7.322555223,63.85668948,blackgram
20,72,15,36.00415838,56.01334416,7.313517308,134.8596466,pigeonpeas
126,37,21,25.84997269,84.16855231,6.61448588,77.03421249,cotton
23,59,25,27.8262623,88.73100226,6.320768488,56.68833819,mungbean
26,67,16,29.10713092,67.90577375,7.17620823,67.83345933,blackgram
90,46,42,23.97898217,81.45061596,7.50283396,250.0832336,rice
58,75,25,25.25596239,61.36669662,7.261791753,68.64685069,blackgram
22,54,20,28.56149805,83.63802195,6.689825155,41.013132,mungbean
32,70,20,20.89342749,46.24856523,6.208843215,195.5697875,pigeonpeas
127,37,18,24.87663664,76.30050373,7.041065585,91.9223468,cotton
35,71,17,29.89286629,66.35375127,6.931924963,198.1403003,pigeonpeas
60,59,22,31.86847286,66.74217464,7.191522601,74.22238583,blackgram
6,48,24,28.6362812,84.61431076,6.790736339,48.48319335,mungbean
86,36,24,26.54986394,72.89187265,5.787268394,73.33636055,maize
76,40,43,25.15745531,83.11713476,5.070175667,231.3843163,rice
27,57,24,27.33534897,43.35795962,6.09186275,142.3303677,pigeonpeas
83,58,23,19.74213321,59.66263104,6.381201909,65.50861389,maize
49,76,18,27.05365239,67.7017527,7.393631868,60.4693835,blackgram
87,35,25,21.44526922,63.1621551,6.178056304,65.88951188,maize
58,71,15,27.82592799,67.5861883,6.919243702,74.01229707,blackgram
90,57,24,18.92851916,72.80086137,6.158860284,82.34162918,maize
35,41,18,28.70562673,81.59200689,6.705008504,59.87065439,mungbean
78,42,42,20.13017482,81.60487287,7.628472891,262.7173405,rice
42,73,25,34.03679184,67.21113844,6.501869314,73.23573601,blackgram
110,39,18,24.54795322,75.39752705,7.766259769,63.88079866,cotton
98,47,37,23.48381344,81.33265073,7.375482851,224.0581164,rice
75,53,18,20.68899915,59.4375337,6.864793607,103.651438,maize
5,56,24,24.80710166,45.01110015,5.023115055,188.4928637,pigeonpeas
95,39,36,23.86330467,83.15250801,5.561398642,285.2493645,rice
133,50,25,25.72180042,81.19666206,7.569454601,99.93100821,cotton
106,49,24,23.03887865,76.47039772,6.983395573,90.64770699,cotton
126,50,19,24.69457084,81.7358876,6.628722836,78.58494391,cotton
59,58,17,28.546224,66.31394098,7.368318809,62.83469851,blackgram
123,50,16,23.04920461,75.53835214,6.498052108,70.65644296,cotton
